road_id	lane_id	order	width	position	vertical_offset	stop_offset	direction	lane_type	vehicle_type	speed_limit	allow_connect
jp-1l-oneway	lane-left-sidewalk	10	2.0	-3.5	0.3	0.0	Both	Pedestrian	None	0.1	true
jp-1l-oneway	lane-forward-1	20	3.0	0	0.0	0.0	Forward	Vehicle	Car	1.0	true
jp-1l-oneway	lane-right-sidewalk	30	2.0	3	0.3	0.0	Both	Pedestrian	None	0.1	true
jp-2l-oneway	lane-left-sidewalk	10	2.0	-5	0.3	0.0	Both	Pedestrian	None	0.1	true
jp-2l-oneway	lane-forward-1	20	3.0	-1.5	0.0	0.0	Forward	Vehicle	Car	1.0	true
jp-2l-oneway	lane-forward-2	30	3.0	1.5	0.0	0.0	Forward	Vehicle	Car	1.0	true
jp-2l-oneway	lane-right-sidewalk	40	2.0	4.5	0.3	0.0	Both	Pedestrian	None	0.1	true
jp-3l-oneway	lane-left-sidewalk	10	2.0	-6.5	0.3	0.0	Both	Pedestrian	None	0.1	true
jp-3l-oneway	lane-forward-1	20	3.0	-3	0.0	0.0	Forward	Vehicle	Car	1.0	true
jp-3l-oneway	lane-forward-2	30	3.0	0	0.0	0.0	Forward	Vehicle	Car	1.0	true
jp-3l-oneway	lane-forward-3	40	3.0	3	0.0	0.0	Forward	Vehicle	Car	1.0	true
jp-3l-oneway	lane-right-sidewalk	50	2.0	6	0.3	0.0	Both	Pedestrian	None	0.1	true
jp-4l-oneway	lane-left-sidewalk	10	2.0	-8	0.3	0.0	Both	Pedestrian	None	0.1	true
jp-4l-oneway	lane-forward-1	20	3.0	-4.5	0.0	0.0	Forward	Vehicle	Car	1.0	true
jp-4l-oneway	lane-forward-2	30	3.0	-1.5	0.0	0.0	Forward	Vehicle	Car	1.0	true
jp-4l-oneway	lane-forward-3	40	3.0	1.5	0.0	0.0	Forward	Vehicle	Car	1.0	true
jp-4l-oneway	lane-forward-4	50	3.0	4.5	0.0	0.0	Forward	Vehicle	Car	1.0	true
jp-4l-oneway	lane-right-sidewalk	60	2.0	7.5	0.3	0.0	Both	Pedestrian	None	0.1	true
jp-1x1l	lane-left-sidewalk	10	2.0	-5	0.3	0.0	Both	Pedestrian	None	0.1	true
jp-1x1l	lane-backward-1	20	3.0	-1.5	0.0	0.0	Backward	Vehicle	Car	1.0	true
jp-1x1l	lane-forward-1	30	3.0	1.5	0.0	0.0	Forward	Vehicle	Car	1.0	true
jp-1x1l	lane-right-sidewalk	40	2.0	4.5	0.3	0.0	Both	Pedestrian	None	0.1	true
jp-1x2l	lane-left-sidewalk	10	2.0	-6.5	0.3	0.0	Both	Pedestrian	None	0.1	true
jp-1x2l	lane-backward-1	20	3.0	-3	0.0	0.0	Backward	Vehicle	Car	1.0	true
jp-1x2l	lane-forward-1	30	3.0	0	0.0	0.0	Forward	Vehicle	Car	1.0	true
jp-1x2l	lane-forward-2	40	3.0	3	0.0	0.0	Forward	Vehicle	Car	1.0	true
jp-1x2l	lane-right-sidewalk	50	2.0	6	0.3	0.0	Both	Pedestrian	None	0.1	true
jp-1x3l	lane-left-sidewalk	10	2.0	-8	0.3	0.0	Both	Pedestrian	None	0.1	true
jp-1x3l	lane-backward-1	20	3.0	-4.5	0.0	0.0	Backward	Vehicle	Car	1.0	true
jp-1x3l	lane-forward-1	30	3.0	-1.5	0.0	0.0	Forward	Vehicle	Car	1.0	true
jp-1x3l	lane-forward-2	40	3.0	1.5	0.0	0.0	Forward	Vehicle	Car	1.0	true
jp-1x3l	lane-forward-3	50	3.0	4.5	0.0	0.0	Forward	Vehicle	Car	1.0	true
jp-1x3l	lane-right-sidewalk	60	2.0	7.5	0.3	0.0	Both	Pedestrian	None	0.1	true
jp-1x4l	lane-left-sidewalk	10	2.0	-9.5	0.3	0.0	Both	Pedestrian	None	0.1	true
jp-1x4l	lane-backward-1	20	3.0	-6	0.0	0.0	Backward	Vehicle	Car	1.0	true
jp-1x4l	lane-forward-1	30	3.0	-3	0.0	0.0	Forward	Vehicle	Car	1.0	true
jp-1x4l	lane-forward-2	40	3.0	0	0.0	0.0	Forward	Vehicle	Car	1.0	true
jp-1x4l	lane-forward-3	50	3.0	3	0.0	0.0	Forward	Vehicle	Car	1.0	true
jp-1x4l	lane-forward-4	60	3.0	6	0.0	0.0	Forward	Vehicle	Car	1.0	true
jp-1x4l	lane-right-sidewalk	70	2.0	9	0.3	0.0	Both	Pedestrian	None	0.1	true
jp-2x2l	lane-left-sidewalk	10	2.0	-8	0.3	0.0	Both	Pedestrian	None	0.1	true
jp-2x2l	lane-backward-1	20	3.0	-4.5	0.0	0.0	Backward	Vehicle	Car	1.0	true
jp-2x2l	lane-backward-2	30	3.0	-1.5	0.0	0.0	Backward	Vehicle	Car	1.0	true
jp-2x2l	lane-forward-1	40	3.0	1.5	0.0	0.0	Forward	Vehicle	Car	1.0	true
jp-2x2l	lane-forward-2	50	3.0	4.5	0.0	0.0	Forward	Vehicle	Car	1.0	true
jp-2x2l	lane-right-sidewalk	60	2.0	7.5	0.3	0.0	Both	Pedestrian	None	0.1	true
jp-2x3l	lane-left-sidewalk	10	2.0	-9.5	0.3	0.0	Both	Pedestrian	None	0.1	true
jp-2x3l	lane-backward-1	20	3.0	-6	0.0	0.0	Backward	Vehicle	Car	1.0	true
jp-2x3l	lane-backward-2	30	3.0	-3	0.0	0.0	Backward	Vehicle	Car	1.0	true
jp-2x3l	lane-forward-1	40	3.0	0	0.0	0.0	Forward	Vehicle	Car	1.0	true
jp-2x3l	lane-forward-2	50	3.0	3	0.0	0.0	Forward	Vehicle	Car	1.0	true
jp-2x3l	lane-forward-3	60	3.0	6	0.0	0.0	Forward	Vehicle	Car	1.0	true
jp-2x3l	lane-right-sidewalk	70	2.0	9	0.3	0.0	Both	Pedestrian	None	0.1	true
jp-2x4l	lane-left-sidewalk	10	2.0	-11	0.3	0.0	Both	Pedestrian	None	0.1	true
jp-2x4l	lane-backward-1	20	3.0	-7.5	0.0	0.0	Backward	Vehicle	Car	1.0	true
jp-2x4l	lane-backward-2	30	3.0	-4.5	0.0	0.0	Backward	Vehicle	Car	1.0	true
jp-2x4l	lane-forward-1	40	3.0	-1.5	0.0	0.0	Forward	Vehicle	Car	1.0	true
jp-2x4l	lane-forward-2	50	3.0	1.5	0.0	0.0	Forward	Vehicle	Car	1.0	true
jp-2x4l	lane-forward-3	60	3.0	4.5	0.0	0.0	Forward	Vehicle	Car	1.0	true
jp-2x4l	lane-forward-4	70	3.0	7.5	0.0	0.0	Forward	Vehicle	Car	1.0	true
jp-2x4l	lane-right-sidewalk	80	2.0	10.5	0.3	0.0	Both	Pedestrian	None	0.1	true
jp-3x3l	lane-left-sidewalk	10	2.0	-11	0.3	0.0	Both	Pedestrian	None	0.1	true
jp-3x3l	lane-backward-1	20	3.0	-7.5	0.0	0.0	Backward	Vehicle	Car	1.0	true
jp-3x3l	lane-backward-2	30	3.0	-4.5	0.0	0.0	Backward	Vehicle	Car	1.0	true
jp-3x3l	lane-backward-3	40	3.0	-1.5	0.0	0.0	Backward	Vehicle	Car	1.0	true
jp-3x3l	lane-forward-1	50	3.0	1.5	0.0	0.0	Forward	Vehicle	Car	1.0	true
jp-3x3l	lane-forward-2	60	3.0	4.5	0.0	0.0	Forward	Vehicle	Car	1.0	true
jp-3x3l	lane-forward-3	70	3.0	7.5	0.0	0.0	Forward	Vehicle	Car	1.0	true
jp-3x3l	lane-right-sidewalk	80	2.0	10.5	0.3	0.0	Both	Pedestrian	None	0.1	true
jp-3x4l	lane-left-sidewalk	10	2.0	-12.5	0.3	0.0	Both	Pedestrian	None	0.1	true
jp-3x4l	lane-backward-1	20	3.0	-9	0.0	0.0	Backward	Vehicle	Car	1.0	true
jp-3x4l	lane-backward-2	30	3.0	-6	0.0	0.0	Backward	Vehicle	Car	1.0	true
jp-3x4l	lane-backward-3	40	3.0	-3	0.0	0.0	Backward	Vehicle	Car	1.0	true
jp-3x4l	lane-forward-1	50	3.0	0	0.0	0.0	Forward	Vehicle	Car	1.0	true
jp-3x4l	lane-forward-2	60	3.0	3	0.0	0.0	Forward	Vehicle	Car	1.0	true
jp-3x4l	lane-forward-3	70	3.0	6	0.0	0.0	Forward	Vehicle	Car	1.0	true
jp-3x4l	lane-forward-4	80	3.0	9	0.0	0.0	Forward	Vehicle	Car	1.0	true
jp-3x4l	lane-right-sidewalk	90	2.0	12	0.3	0.0	Both	Pedestrian	None	0.1	true
jp-4x4l	lane-left-sidewalk	10	2.0	-14	0.3	0.0	Both	Pedestrian	None	0.1	true
jp-4x4l	lane-backward-1	20	3.0	-10.5	0.0	0.0	Backward	Vehicle	Car	1.0	true
jp-4x4l	lane-backward-2	30	3.0	-7.5	0.0	0.0	Backward	Vehicle	Car	1.0	true
jp-4x4l	lane-backward-3	40	3.0	-4.5	0.0	0.0	Backward	Vehicle	Car	1.0	true
jp-4x4l	lane-backward-4	50	3.0	-1.5	0.0	0.0	Backward	Vehicle	Car	1.0	true
jp-4x4l	lane-forward-1	60	3.0	1.5	0.0	0.0	Forward	Vehicle	Car	1.0	true
jp-4x4l	lane-forward-2	70	3.0	4.5	0.0	0.0	Forward	Vehicle	Car	1.0	true
jp-4x4l	lane-forward-3	80	3.0	7.5	0.0	0.0	Forward	Vehicle	Car	1.0	true
jp-4x4l	lane-forward-4	90	3.0	10.5	0.0	0.0	Forward	Vehicle	Car	1.0	true
jp-4x4l	lane-right-sidewalk	100	2.0	13.5	0.3	0.0	Both	Pedestrian	None	0.1	true
